LinkID,ExerciseID,ProductID,VideoTitle,VideoURL,Sport,Body Part,Level
V524,,P02,The Ultimate Guide to the BOSU Elite: Unlock Your Strength,https://www.youtube.com/watch?v=J85rONxYeC4,,,
V523,,P08,Unlock Total Body Workout with the Hybrid Jump Rope from WeckMethod,https://www.youtube.com/watch?v=Yvoq7eZ3-G0,,,
V522,,P08,Non - Dominant Side Training - Hybrid Rope,https://www.youtube.com/watch?v=6ikSP8VoTYA,,,
V521,E008,P08,Underhand Race & Chase® - Flow - Hybrid® Rope,https://www.youtube.com/watch?v=7B64joClHHE&t=6s,,,
V520,E009,P08,Overhand Race & Chase® - Flow - Hybrid® Rope,https://www.youtube.com/watch?v=4gEKjIs10WE&t=6s,,,
V519,E010,P08,Overhand Sneak® - Flow - Hybrid® Rope,https://www.youtube.com/watch?v=2WKsTS-LeLs,,,
V518,E011,P08,Overhand Matadors Wheel® - Flow - Hybrid® Rope,https://www.youtube.com/watch?v=KCdYbMj2yrw,,,
V517,E007,P08,The Dragon Roll® - Flow - Hybrid® Rope,https://www.youtube.com/watch?v=544LWa3Bzk8,,,
V516,E012,P08,Underhand Matadors Wheel® - Flow - Hybrid® Rope,https://www.youtube.com/watch?v=0ssXkndXMR0,,,
V515,,P08,Revolutionize Your Workouts with Hybrid® Rope,https://www.youtube.com/watch?v=7LJmkX95-CA,,,
V514,,P08,Basic Set Ups - Hybrid® Rope,https://www.youtube.com/watch?v=AlePAhul5Kg,,,
V513,,P08,What in the Box - Hybrid® Rope,https://www.youtube.com/watch?v=vdu1AYxmYJs,,,
V512,,P08,Set Up Overview - Hybrid® Rope,https://www.youtube.com/watch?v=ivFKbs27kbw,,,
V511,,P08,Breaking in your Bands - Hybrid® Rope,https://www.youtube.com/watch?v=rMklqQkK-lU,,,
V510,,P08,Basic Setups - Hybrid® Rope,https://www.youtube.com/watch?v=NR8DZyewf6E,,,
V509,,P08,New to Jump Rope - START HERE!!!,https://www.youtube.com/watch?v=dq62ekoz8-o,,,
V508,,P08,15 Min Workout - Intervals - Hybrid® Rope,https://www.youtube.com/watch?v=onwGXKm9UXw,,,
V507,,P02,Chest Workout - Bosu® Elite - WeckMethod,https://www.youtube.com/watch?v=-cT2h6JU8d0,,,
V506,,P02,Improve your Squat - Top 5 - Bosu® Elite,https://www.youtube.com/watch?v=8zMn8Y4U410,,,
V505,E013,P04,The Underhand Cheetahs Tail - RMT® Rope - Rope Flow - Tutorial,https://www.youtube.com/watch?v=Oyn1hQPy8cg,,,
V504,,P16,Cutting Edge Education - Rotational Movement Training Specialist - Instructor Training Course,https://www.youtube.com/watch?v=9enIuc-Ybrs,,,
V503,,P16,Change The Model - The Rotational Movement Training Specialist - Instructor Training Course - RMTS,https://www.youtube.com/watch?v=FFw-8KT8zc4,,,
V502,,"P02, P06",Trap Bar DL Prime & Supplement - The Bosu Elite - Resistance Bands - Workout,https://www.youtube.com/watch?v=LP1MRwB96H4,,,
V501,E014,P04,Overhand Dragon Hops - RMT Rope - Rope Flow - Tutorial,https://www.youtube.com/watch?v=qxuIEyQL5WU,,,
V500,E015,P04,The Dragon Hug - RMT Rope - Rope Flow - Tutorial,https://www.youtube.com/watch?v=vSC2mV9EKNA,,,
V499,E010,P04,The Overhand Sneak ®️ - RMT Rope - Rope Flow - Tutorial,https://www.youtube.com/watch?v=Q9oc9fPb7Io,,,
V498,E007,P04,The Dragon Roll ®️ - RMT Rope - Rope Flow - Tutorial,https://www.youtube.com/watch?v=I3Jpk2S2bRE,,,
V497,E016,P04,The Underhand Matadors Wheel ®️ - RMT Rope - Rope Flow - Tutorial,https://www.youtube.com/watch?v=QDYnAATZuKc,,,
V496,E017,P04,The Overhand Matadors Wheel ®️ - RMT Rope - Rope Flow - Tutorial,https://www.youtube.com/watch?v=7dzFrsIVT7Q,,,
V495,E008,P04,The Underhand Race & Chase ®️ - RMT Rope - Rope Flow - Tutorial,https://www.youtube.com/watch?v=lHK2QOVNb44,,,
V494,E009,P04,The Overhand Race & Chase ®️ - RMT Rope - Rope Flow - Tutorial,https://www.youtube.com/watch?v=sb5dZL9uA4w,,,
V493,,"P02, P03",WeckMethod - Bosu Elite - ProPulse Speed Trainers - Workout - 10 Minutes,https://www.youtube.com/watch?v=Wkd9s9jpGPk,,,
V492,,,Weckmethod - 45 Stance - Kettlebell Swing in Motion,https://www.youtube.com/watch?v=GDPVJ-_FKZs,,,
V491,,P02,Weckmethod - Bosu Elite - 10 Min Daily Routine,https://www.youtube.com/watch?v=cK7wGOqims8,,,
V490,,P04,WeckMethod - RMT Rope - 5 min Feel & Flow - David Weck,https://www.youtube.com/watch?v=1ooLyWvVUBQ,,,
V489,,,Weckmethod 45 Stance - Kettlebell Training - Swing and Goblet Squat,https://www.youtube.com/watch?v=16VCkL7W_dI,,,
V488,,,Weckmethod 45 Stance - Athletic Carry Over & Balance - Set Up & Trap Bar Deadlift,https://www.youtube.com/watch?v=vPdm0Lk-bKA,,,
V487,,,Weckmethod Athlete Highlights - Jeff Henderson - 2016 Rio Olympic Gold Medalist,https://www.youtube.com/watch?v=F_KiqWF4BeM,,,
V486,,,Core Training for Sprinters and Athletes - 4 Quadrant Standing Side Bends,https://www.youtube.com/watch?v=S1Q4mZoJAts,,,
V485,,P15,"Lower Body Prehab & Rehab on The Deck w/ Weckmethod - Knees, Ankles, Feet",https://www.youtube.com/watch?v=CHRlM4t2d08,,,
V484,,,"Bigger, Longer, Stronger - Stretch for Sprinting - Weckmethod - Running Mechanics",https://www.youtube.com/watch?v=YXG13Wsv_2s,,,
V483,,,Try These Pistol Squat Variations,https://www.youtube.com/watch?v=EEWYj94gLiU,,,
V482,,P02,Get Shredded Abs with The BOSU Elite - 3 Must Do Exercises - Lose the Dad Bod,https://www.youtube.com/watch?v=GK3qeWESxps,,,
V481,,P04,RMT Premium Rope vs RMT Original Rope - How To Choose a Flow Rope,https://www.youtube.com/watch?v=yweGw1FKhj4,,,
V480,,P01,The Best Golf Training Tool - RMT Club,https://www.youtube.com/watch?v=NCkBfPHEHo8,,,
V479,,P04,RMT® Rope - Workout - 25 min - Conditioning,https://www.youtube.com/watch?v=pRWklDZeCto,,,
V478,,P03,ProPulse® Speed Trainers - Workout - 15 min - MMA - Striking,https://www.youtube.com/watch?v=u5GvNHhXPWw,,,
V477,,P05,SoleSteps® - Workout - Mobility - 30 min,https://www.youtube.com/watch?v=8LAW2n3q_hM,,,
V476,,P03,ProPulse® Speed Trainers - Workout - 40min - Strength/Power - Squats & Presses,https://www.youtube.com/watch?v=3cCeip37xZE,,,
V475,,P03,ProPulse® Speed Trainers - Workout - 30min - Conditioning/Agility,https://www.youtube.com/watch?v=6Au0SPhp5Ok,,,
V474,,P04,RMT® Rope - Workout - 45 min - Fluidity/Conditioning,https://www.youtube.com/watch?v=s_Vbmt0F2io&t=102s,,,
V473,,P01,RMT® Club - Softball - Hitting - Correcting Drift,https://www.youtube.com/watch?v=DBgLpABjOQ8,,,
V472,,P01,RMT® Club - Softball - Throwing - Correcting Imbalance,https://www.youtube.com/watch?v=wAo2z0pyPtM,,,
V471,,P01,RMT® Club - Baseball - Hitting - Correcting Drift,https://www.youtube.com/watch?v=F_9YlU3AhZE,,,
V470,,P01,RMT® Club - Baseball - Throwing - Pitchers Roll n Drivers,https://www.youtube.com/watch?v=uLhsPhtb0TI,,,
V469,,P01,RMT® Club - Baseball - Hitting - Barrel Speed,https://www.youtube.com/watch?v=sbPtuavvyFQ,,,
V468,,P01,RMT® Club - Baseball - Hitting - Dry Swings,https://www.youtube.com/watch?v=E6Hm2mwldd0,,,
V467,,P01,RMT® Club - Baseball - Hitting - Hitters Royal Coil,https://www.youtube.com/watch?v=wwRYh183ggI,,,
V466,,P01,RMT® Club - Workout - 40 min - Circuit,https://www.youtube.com/watch?v=i9Bj69eI11E,,,
V465,,P03,Cardio - Super Set - ProPulse® Speed Trainers,https://www.youtube.com/watch?v=-hNKqj5HZE4,,,
V464,,P03,Agility - Super Set - ProPulse® Speed Trainers,https://www.youtube.com/watch?v=K0ne1jgMdP8,,,
V463,,P01,RMT® Club - Workout - 30 min - Circuit 1,https://www.youtube.com/watch?v=itVksTmkyQQ,,,
V462,,P01,RMT® Club - Workout - 30 min - Circuit 2,https://www.youtube.com/watch?v=WHEGZHdjLCQ,,,
V461,,P01,RMT® Club - Workout - 40-60min - Sister Sets,https://www.youtube.com/watch?v=Gk2ES5JT7Gg,,,
V460,,P01,RMT® Club - Super Set - Squat Focus,https://www.youtube.com/watch?v=WBc_ml9bIGA,,,
V459,,P06,Warm & Prep - Resistance Bands - Split Stance Prime,https://www.youtube.com/watch?v=T1zQHZlR8fc,,,
V458,,P05,SoleSteps® - Q & A - Will SoleStep Strengthen My Feet?,https://www.youtube.com/watch?v=XGKNqqiR5oI,,,
V457,,P05,SoleSteps® - What Size Foot can the SoleSteps® Accomodate?,https://www.youtube.com/watch?v=BtQsheY4Ks4,,,
V456,,P05,SoleSteps® - Q & A - Do they Cause Inversion?,https://www.youtube.com/watch?v=bfIB1sf0ooU,,,
V455,,P05,SoleSteps® - Q & A - What's Behind the Design of the Steps?,https://www.youtube.com/watch?v=B8yoHuEuKgk,,,
V454,,P05,SoleSteps® - Q & A - Care,https://www.youtube.com/watch?v=sE7JF4XXL8g,,,
V453,,P05,SoleSteps® - Q & A - Can I Wear Shoes?,https://www.youtube.com/watch?v=eelbuNmRfos,,,
V452,,P05,SoleSteps® - Q & A - Basic Use and Duration,https://www.youtube.com/watch?v=2BX73ZaDEzQ,,,
V451,,P01,RMT Club® - Super Set - Pulling Focus,https://www.youtube.com/watch?v=v7RY4UqATFc,,,
V450,,P05,Back Pain Relief - SoleSteps® - Hip Hinge,https://www.youtube.com/watch?v=45_TjJPyljI,,hip,
V449,,P05,Workout - Kettlebell Ladder Down - SoleSteps®,https://www.youtube.com/watch?v=bizNByjKoQU,,,
V448,,P01,RMT Club for Baseball - Wrist Rolls,https://www.youtube.com/watch?v=Na8zAuevPjk,,,
V447,,P01,RMT Club for Baseball - Check Swings,https://www.youtube.com/watch?v=QAhR9dMlkE4,,,
V446,,P01,RMT Club Baseball Training - Helicopter Halos,https://www.youtube.com/watch?v=LlXOvqCKy9g,,,
V445,,P01,RMT Club Baseball Training - The Scoop,https://www.youtube.com/watch?v=gVYM9vm86e0,,,
V444,,P01,RMT Club Exercise for Tennis - Forehand Swing,https://www.youtube.com/watch?v=wAWEe7TH3e0,,,
V443,,P01,RMT® Club - Golf - Half Kneeling Dynamic Rotation,https://www.youtube.com/watch?v=AAKY-I0Tj-w,,,
V442,,P01,RMT Club Training: Improving Athletic Strength & Balance,https://www.youtube.com/watch?v=Rxs5c3Aaruo,,,
V441,,P01,RMT Club Interval Training: Bailer - Check Swing - Athletic Shuffle,https://www.youtube.com/watch?v=MigYqOc9T1g,,,
V440,,P01,RMT Club Interval Training: 4 Different Exercises,https://www.youtube.com/watch?v=LY10emJ1SFY,,,
V439,,P01,RMT Club Training Techinque: Palming,https://www.youtube.com/watch?v=OBLUlaZ8YX0,,,
V438,,P01,RMT Club Training: 180 Searchlight,https://www.youtube.com/watch?v=UWjaxIc_t48,,,
V437,,P01,RMT Club Limited Space Workout,https://www.youtube.com/watch?v=HYlASFAXaIs,,,
V436,,P01,RMT Club - Halo Roll with Sudden Deceleration,https://www.youtube.com/watch?v=mA2tc7VVnmQ,,,
V435,,P01,RMT Club - Myofascial Release and Warmup,https://www.youtube.com/watch?v=93pvvhv-QGA,,,
V434,,P01,RMT Club Core Strengthening Exercise,https://www.youtube.com/watch?v=kZPHAXkRk5c,,,
V433,,P01,RMT Club Exercise to Strengthening Your Grip,https://www.youtube.com/watch?v=Hkxrb5sfmhs,,,
V432,,P01,RMT Club - Combination Exercise,https://www.youtube.com/watch?v=syKiKw0l4LY,,,
V431,,P01,RMT Club Halo Roll with Sudden Deceleration,https://www.youtube.com/watch?v=FhSUNPTsPjU,,,
V430,,P01,RMT Club Training Tip - The Bailer with Intent,https://www.youtube.com/watch?v=JATt_5NfhGM,,,
V429,,P01,RMT Club Training Exercise: The Tilt & Turn,https://www.youtube.com/watch?v=4Ht4V0aww5o,,,
V428,,P01,RMT Club Exercise to Improve Athletic Balance,https://www.youtube.com/watch?v=S5b1_LIqHPM,,,
V427,,P01,RMT Club - Balance Exercise,https://www.youtube.com/watch?v=X4lupFBWDxs,,,
V426,,P01,RMT Club Training: Figure 8 - Nail Driver - Pendulum Lunge - X Light,https://www.youtube.com/watch?v=Gj7YxED-D0s,,,
V425,,P01,RMT Club Exercise: Shoulder Rehabilitation,https://www.youtube.com/watch?v=eyGCh1PpEhI,,,
V424,,P01,RMT Club Exercise: The Samurai Squat,https://www.youtube.com/watch?v=--t1S2qVKms,,,
V423,,P01,RMT Club Training Exercise: Traveling Lunge with Rotation,https://www.youtube.com/watch?v=U_u8HUQr0_k,,,
V422,,P01,RMT Club Exercise: Single Arm Swing with Chambering,https://www.youtube.com/watch?v=oMbsTuT5BKY,,,
V421,,P01,RMT Club Training Tip - What Is Chambering?,https://www.youtube.com/watch?v=AKWeEM57tfA,,,
V420,,P01,RMT Club Interval Training: Drill Drivers - Swing & Switch - Searchlight Switch,https://www.youtube.com/watch?v=iVhZpVdNtWg,,,
V419,,P01,RMT Club Exercise: Hockey Player Swings with Sudden Deceleration,https://www.youtube.com/watch?v=5VsUuqQ_sCE,,,
V418,,P01,RMT Club Training Technique: Deceleration,https://www.youtube.com/watch?v=q8CMBI3-5E0,,,
V417,,P01,RMT Club Training Tip: How & Why to Use a Split Grip,https://www.youtube.com/watch?v=U0fA-UjC2pc,,,
V416,,P03,Addressing Over stride - Running - ProPulse® Speed Trainers,https://www.youtube.com/watch?v=L7ylp4whorA,,,
V415,,P06,Neck Pain Relief - Resistance Bands - Standing Bug,https://www.youtube.com/watch?v=kmIUUY89Tbo,,,
V414,,P03,Core - Super Set - ProPulse® Speed Trainers,https://www.youtube.com/watch?v=D-3tVeXeh7A,,,
V413,,P01,Shoulder Mobility - RMT® Club - Shoulder Circles,https://www.youtube.com/watch?v=uDJUG8-oxlY,,,
V412,,P01,RMT® Club - Super Set - Pressing Focus,https://www.youtube.com/watch?v=ObLC_bZz-R8,,,
V411,,P05,SoleSteps® Q&A Part 3: Footwear When Using,https://www.youtube.com/watch?v=F8ibCTPfLGI,,,
V410,,P05,SoleSteps® Q&A Part 2: Duration of Use,https://www.youtube.com/watch?v=rG4FPzdQYNQ,,,
V409,,P05,SoleSteps® Q&A Part 1: Shape & Key Points,https://www.youtube.com/watch?v=bnUihROeLp8,,,
V408,,P05,How to Use Your SoleSteps®,https://www.youtube.com/watch?v=JyR9sG9KDGk,,,
V407,,P03,Train Harder with ProPulse® Speed Trainers,https://www.youtube.com/watch?v=65QQcXBE8Ho,,,
V406,,P03,Training with ProPulse® Speed Trainers: Reverse Lunge,https://www.youtube.com/watch?v=-slPSJCWxp0,,,
V405,Box Jump,P03,Training with ProPulse® Speed Trainers: Box Jumps,https://www.youtube.com/watch?v=y-4gewR7H-I,,,
V404,,P03,Training with ProPulse® Speed Trainers: Lateral Hops,https://www.youtube.com/watch?v=W7ubZeNvMWY,,,
V403,,P05,SoleSteps® for Fitness Training: Chris Daly from S10 Fitness,https://www.youtube.com/watch?v=a-8nEq3mzcg,,,
V402,,P05,Physical Therapist's Opinion of SoleSteps®: Arsen from Prehab,https://www.youtube.com/watch?v=SiSGUsXMOUM,,,
V401,,P05,Ankle & Foot Prehab with SoleSteps®: Advanced Level,https://www.youtube.com/watch?v=ohzZbrZC2hs,,,
V400,,P05,Ankle & Foot Prehab with SoleSteps®: Intermediate Level,https://www.youtube.com/watch?v=FlEmEw-mYmE,,,
V399,,P05,Ankle & Foot Prehab with SoleSteps®: Beginner Level,https://www.youtube.com/watch?v=h1_hb7xlJAg,,,
V398,,P05,SoleSteps®: Uplifting Human Soles,https://www.youtube.com/watch?v=oA4dYbq9-JA,,,
V397,,P05,Training with SoleSteps®: Squat Variations,https://www.youtube.com/watch?v=j-G0yEt_cJo,,,
V396,,P05,Training with SoleSteps®: Overhead Press Variations,https://www.youtube.com/watch?v=XrZd2i-fpKE,,,
V395,,P06,Improve Your Bicep Curls with Resistance Bands,https://www.youtube.com/watch?v=UJL0IINZG9I,,,
V394,,P06,Improve Your Rows with Resistance Bands,https://www.youtube.com/watch?v=tuIB1_iTonk,,,
V393,,P06,Improve Your Kettlebell Training with Resistance Bands,https://www.youtube.com/watch?v=zbA2TqnXOgM,,,
V392,,P06,Improve Your Tricep Extensions with Resistance Bands,https://www.youtube.com/watch?v=SHquCarV4wc,,,
V391,,P03,ProPulse Speed Trainers: Lateral Cut Drill to Improve Athletic Performance,https://www.youtube.com/watch?v=cvkGtS6IcSA,,,
V390,,P03,ProPulse Speed Trainers: Bicycle Crunch to Improve Athletic Performance,https://www.youtube.com/watch?v=Hhd1IORJBiM,,,
V389,,P03,ProPulse Speed Trainers: RDL With Bands to Improve Athletic Performance,https://www.youtube.com/watch?v=N3h9lSE6MWs,,,
V388,,P03,ProPulse Speed Trainers: Kettlebell One Arm Swing to Improve Athletic Performance,https://www.youtube.com/watch?v=7yhma-u6414,,,
V387,,P03,ProPulse Speed Trainers: Kettlebell Reverse Lunge to Improve Athletic Performance,https://www.youtube.com/watch?v=lqtC9Gz3ERQ,,,
V386,,P03,ProPulse Speed Trainers: V Tuck to Improve Athletic Performance,https://www.youtube.com/watch?v=YeEEZAYgYa8,,,
V385,,P03,ProPulse Speed Trainers: Single Leg RDL to Improve Athletic Performance,https://www.youtube.com/watch?v=vn0Or53VnoY,,,
V384,,P03,ProPulse Speed Trainers: Speed Skaters to Improve Athletic Performance,https://www.youtube.com/watch?v=AeUAq3xCHcM,,,
V383,,P03,ProPulse Speed Trainers: Box Drill to Improve Athletic Performance,https://www.youtube.com/watch?v=bDO2hAsolso,,,
V382,,P03,ProPulse Speed Trainers: Step Press to Improve Athletic Performance,https://www.youtube.com/watch?v=S7y_wEV_gk4,,,
V381,,P03,Running Variations With & Without ProPulse Speed Trainers,https://www.youtube.com/watch?v=SGaFeFktl3w,,,
V380,,P03,Running Techniques With ProPulse Speed Trainers: Shift Pulsing,https://www.youtube.com/watch?v=onjFrubTRAA,,,
V379,,P03,Running With ProPulse Speed Trainers,https://www.youtube.com/watch?v=gaQrnsKCCqQ,,,
V378,,P03,Fight Drills: Using ProPulsers for Shadow Boxing,https://www.youtube.com/watch?v=eUOGzVUV1w4,,,
V377,,P03,Fight Drills: Using ProPulsers for Jab Progression,https://www.youtube.com/watch?v=YOHWJRNu1rk,,,
V376,,P03,Fight Drills: Using ProPulsers for Hook Variations,https://www.youtube.com/watch?v=dtHqdsKYtbY,,,
V375,,P03,Baseball Drills: Using ProPulsers for Faster Pop Time,https://www.youtube.com/watch?v=RgckV9MzCHw,,,
V374,,P03,Baseball Drills: Using ProPulsers for Base Stealing,https://www.youtube.com/watch?v=OR4JbaVBc3I,,,
V373,,P03,Baseball Drills: Using ProPulsers for Quick Transfers,https://www.youtube.com/watch?v=j2IPDO3wmfk,,,
V372,,P03,World Series Champion Austin Barnes on using ProPulse Speed Trainers,https://www.youtube.com/watch?v=rEDaW3Am3s0,,,
V371,,P03,Running and Training with the ProPulse Speed Trainers,https://www.youtube.com/watch?v=yYw1qysAsAc,,,
V370,,P02,Get Better on Your Snowboard with the BOSU Elite,https://www.youtube.com/watch?v=WRVFEzQLIDA,,,
V369,,P02,Get Better on Your Surfboard with the BOSU Elite,https://www.youtube.com/watch?v=Tqx4J6b0Xu8,,,
V368,,P01,RMT Club Sizing for Baseball: How to Pick the Right Size,https://www.youtube.com/watch?v=PGGw87rSfpY,,,
V367,,P03,"ProPulse Speed Trainers for Running: Cadence, Rhythm, and Efficiency",https://www.youtube.com/watch?v=YltGdjyCMQU,,,
V366,,P02,How the BOSU Elite Came to Be,https://www.youtube.com/watch?v=LF2dYpSpgPM,,,
V365,,P03,ProPulse® Speed Trainers: Trusted by the Best,https://www.youtube.com/watch?v=dIqPK9AKF38,,,
V364,,,Jordan Burroughs x WeckMethod | Innovate Your Training,https://www.youtube.com/watch?v=cRKZ-nOvOzE,,,
V363,,P03,ProPulse® Speed Trainers for Running | Athlete Jerome Avery,https://www.youtube.com/watch?v=zw4JQRYmR6o,,,
V362,,P01,The RMT Club for Golf: Everything You Need to Improve Your Game,https://www.youtube.com/watch?v=OsiUZ-6ejuE,,,
V361,,P01,The RMT Club for Tennis: Everything You Need to Improve Your Game,https://www.youtube.com/watch?v=lJS_n7vXA_g,,,
V360,,,The Lab Workouts: Fluid Strength Series - Full Body 2,https://www.youtube.com/watch?v=jJDti-MwbKw,,,
V359,,,The Lab Workouts: Fluid Strength Series - Full Body 1,https://www.youtube.com/watch?v=BX79PkfR1jo,,,
V358,,,WeckMethod x The Boxing Club Promo,https://www.youtube.com/watch?v=Zr7zMG5NV2s,,,
V357,,P01,Boston Red Sox Using the RMT® Club,https://www.youtube.com/watch?v=CdYl8XmlAjY,,,
V356,,P03,Boston Red Sox Using the ProPulse® Speed Trainers,https://www.youtube.com/watch?v=xIzuITcCJZI,,,
V355,,,Holiday Vlog | Getting Festive at WeckMethod,https://www.youtube.com/watch?v=OX2uZVeakcE,,,
V354,,,The Lab Workouts: Fluid Strength Series - Lower Body / Hinging,https://www.youtube.com/watch?v=TM3WQU1PdmA,,,
V353,,P03,Baseball Fielding with the ProPulse Speed Trainers,https://www.youtube.com/watch?v=97S-82ASnxg,,,
V352,,,The Pursuit of Excellence: 2020 Virtual Event with Noah’s Army,https://www.youtube.com/watch?v=OZQl1-tou0s,,,
V351,,,The Lab Workouts: Fluid Strength Series - Abs,https://www.youtube.com/watch?v=Fuq-Dahfw-8,,,
V350,,,The Lab Workouts: Fluid Strength Series - Back,https://www.youtube.com/watch?v=6tEvJaZoPts,,,
V349,,,The Lab Workouts: Fluid Strength Series - Upper Body / Pulling,https://www.youtube.com/watch?v=-_8A8OvaJx8,,,
V348,,,The Lab Workouts: Fluid Strength Series - Lower Body / Squats,https://www.youtube.com/watch?v=a53ux4kTDdM,,,
V347,,,The Lab Workouts: Fluid Strength Series - Upper Body / Pushing,https://www.youtube.com/watch?v=xzZtjC-bldc,,,
V346,,,The Lab Workouts: Foundation Series - Full Body 2,https://www.youtube.com/watch?v=Q1yyBKnK74o,,,
V345,,,The Lab Workouts: Foundation Series - Full Body 1,https://www.youtube.com/watch?v=i6ql0LK7Ij4,,,
V344,,,The Lab Workouts: Foundation Series - Back,https://www.youtube.com/watch?v=Pzzd4Xfv-jo,,,
V343,,,The Lab Workouts: Foundation Series - Abs,https://www.youtube.com/watch?v=BOdTv6fvVVU,,,
V342,,,The Lab Workouts: Foundation Series - Lower Body / Hinging,https://www.youtube.com/watch?v=tgE4-iJjWLk,,,
V341,,,The Lab Workouts: Foundation Series - Upper Body / Pushing,https://www.youtube.com/watch?v=_eLperqZRyY,,,
V340,,,The Lab Workouts: Foundation Series - Lower Body / Squats,https://www.youtube.com/watch?v=hLg8B7c9ATU,,,
V339,,,The Lab Workouts: Foundation Series - Upper Body / Pulling,https://www.youtube.com/watch?v=xp4ICKtAAmQ,,,
V338,,P01,Mobility Work with the RMT Club,https://www.youtube.com/watch?v=Re_lhluvIFA,,,
V337,,P01,Features & Benefits of the RMT Club,https://www.youtube.com/watch?v=7c2GKATfntw,,,
V336,,,VLOG #2: WeckMethod in Nebraska,https://www.youtube.com/watch?v=MfnTV1J63LI,,,
V335,,P01,Target Your Back Pain: Crunches with the RMT Club,https://www.youtube.com/watch?v=v8XkdjnZDU4,,,
V334,,,Olympian Jordan Burroughs Answers Your Questions,https://www.youtube.com/watch?v=ow1eHwA0yHk,,,
V333,,,Rotational Movement Training® Introduction,https://www.youtube.com/watch?v=z-JTfQU-TKQ,,,
V332,,P03,ProPulse® Speed Trainers: Double Down Pulse Technique,https://www.youtube.com/watch?v=ZTKYs02xGNQ,,,
V331,,P06,Beginner Home Workout - Limit Force Elastic® Training Bands,https://www.youtube.com/watch?v=lvvNrqrIVGc,,,
V330,,P06,Intermediate Home Workout - Limit Force Elastic® Training Bands,https://www.youtube.com/watch?v=lN29-TYYu7Q,,,
V329,,P06,Advanced Home Workout - Limit Force Elastic® Training Bands,https://www.youtube.com/watch?v=1wxXc1CZ6EU,,,
V328,,,The Royal Coil of Priming - Coiling Core Training®,https://www.youtube.com/watch?v=TnNjZRj1EkM,,,
V327,,,Limit Force Elastic® & Compression Training,https://www.youtube.com/watch?v=H92IXCboLgs,,,
V326,,,VLOG #1: Welcome to WeckMethod,https://www.youtube.com/watch?v=v7xuifLZ5OM,,,
V325,,P02,What is Priming? Priming Explained with the BOSU® Elite,https://www.youtube.com/watch?v=4XkpQeZMTIc,,,
V324,,P02,Strength & Conditioning: Bench Press - BOSU® Elite,https://www.youtube.com/watch?v=IIh2VqbiHDs,,,
V323,,P02,Strength & Conditioning: Deadlifts - BOSU® Elite,https://www.youtube.com/watch?v=Cs4onJOEMpU,,,
V322,,P02,Strength & Conditioning: Goblet Squat - BOSU® Elite,https://www.youtube.com/watch?v=v-JGKtMYbTQ,,,
V321,,P02,Strength & Conditioning: Split Squats - BOSU® Elite,https://www.youtube.com/watch?v=TTzj2JQSVDA,,,
V320,,P02,Advanced Home Workout - BOSU® Elite,https://www.youtube.com/watch?v=pPk3YkEnOM8,,,
V319,,P02,Beginner Home Workout - BOSU® Elite,https://www.youtube.com/watch?v=fCRfedW2Jj4,,,
V318,,P02,Intermediate Home Workout - BOSU® Elite,https://www.youtube.com/watch?v=JjuKKLAZSEI,,,
V317,,P02,Ballistics: Split Jumps - BOSU Elite,https://www.youtube.com/watch?v=9YDT7RuDRBw,,,
V316,,P02,Follow Along Upper Body & Core Workout - BOSU® Elite 2,https://www.youtube.com/watch?v=4euUB9he9Pw,,,
V315,,P02,Follow Along Lower Body & Core Workout - BOSU® Elite 1,https://www.youtube.com/watch?v=18NsvQb7RQE,,,
V314,,P03,Basketball: Pulsing - ProPulse® Speed Trainers,https://www.youtube.com/watch?v=bS6P1KmZgSw,,,
V313,,P03,Basketball: Defensive Shuffle - ProPulse® Speed Trainers,https://www.youtube.com/watch?v=86jMocLFog0,,,
V312,,P03,Basketball: Free Hops - ProPulse® Speed Trainers,https://www.youtube.com/watch?v=frA4ntGEefw,,,
V311,,P03,Beginner Home Workout - ProPulse® Speed Trainers,https://www.youtube.com/watch?v=Wap29hpmvtw,,,
V310,,P03,Intermediate Home Workout - ProPulse® Speed Trainers,https://www.youtube.com/watch?v=mbgVAD4SDVg,,,
V309,,P03,Advanced Home Workout - ProPulse® Speed Trainers,https://www.youtube.com/watch?v=2O2yYlYCeFk,,,
V308,,P03,Training: Same Side Pulsing - ProPulse® Speed Trainers,https://www.youtube.com/watch?v=npM_5Puk-L4,,,
V307,,P03,Training: Press Pop - ProPulse® Speed Trainers,https://www.youtube.com/watch?v=8i3lW9i6ue0,,,
V306,,P03,Training: Pop Rocks - ProPulse® Speed Trainers,https://www.youtube.com/watch?v=N4HIj91cOl4,,,
V305,,P03,Training: Center Pulsing - ProPulse® Speed Trainers,https://www.youtube.com/watch?v=uu-WEbFHzlg,,,
V304,,P03,How to Hold the ProPulse® Speed Trainers,https://www.youtube.com/watch?v=rNnndvzJDrA,,,
V303,,P03,Getting Started with the ProPulse® Speed Trainers,https://www.youtube.com/watch?v=S2kr8P4BOuM,,,
V302,,P03,How to Start Running with the ProPulse® Speed Trainers,https://www.youtube.com/watch?v=t8J8nDBSUBs,,,
V301,,P03,Center Line Running - ProPulse® Speed Trainers,https://www.youtube.com/watch?v=wYJcuSW-beo,,,
V300,,P03,Pop Rock & Go Running - ProPulse® Speed Trainers,https://www.youtube.com/watch?v=sxs5aoLDF7g,,,
V299,,P03,Full Range Running - ProPulse® Speed Trainers,https://www.youtube.com/watch?v=Jp8PPFBE-bo,,,
V298,,P03,Same Side Stride Running - ProPulse® Speed Trainers,https://www.youtube.com/watch?v=LDG7K9tgfTU,,,
V297,,P03,Shift Running - ProPulse® Speed Trainers,https://www.youtube.com/watch?v=7cTUCaOYBVA,,,
V296,,,Beginner Home Workout - Training Pack,https://www.youtube.com/watch?v=E1NFrCh8fk8,,,
V295,,,Intermediate Home Workout - Training Pack,https://www.youtube.com/watch?v=nvUFHUoBr1Q,,,
V294,,,Advanced Home Workout - Training Pack,https://www.youtube.com/watch?v=kBTqD093kN4,,,
V293,,P01,Upper Body & Core Follow Along Workout - RMT® Club,https://www.youtube.com/watch?v=Ay2l0NF8k24,,,
V292,,P01,Lower Body & Core Follow Along Workout - RMT® Club,https://www.youtube.com/watch?v=HxZPBtkf_Vo,,,
V291,,P01,Intermediate Home Workout - RMT® Club,https://www.youtube.com/watch?v=9hDztAdktjo,,,
V290,,P01,Beginner Home Workout - RMT® Club,https://www.youtube.com/watch?v=3XEiyHumFqk,,,
V289,,P01,Advanced Home Workout - RMT® Club,https://www.youtube.com/watch?v=cK8cOEyksh0,,,
V288,,P04,Advanced Workout - RMT® Rope,https://www.youtube.com/watch?v=pRYS3j-nhgY,,,
V287,,P04,Beginner Workout - RMT® Rope,https://www.youtube.com/watch?v=OBqRbqKIZxU,,,
V286,,P04,Intermediate Workout - RMT® Rope,https://www.youtube.com/watch?v=H5IjSxtygHc,,,
V285,,P04,Full Body Follow Along Workout PART 2 - RMT® Rope,https://www.youtube.com/watch?v=1WHR_IX-bs0,,,
V284,,,KettleBell Lower Body & Core Follow Along Workout,https://www.youtube.com/watch?v=Hd3vcvk9uY8,,,
V283,,,KettleBell Upper Body & Core Follow Along Workout,https://www.youtube.com/watch?v=JDi-dUll8og,,,
V282,,P03,Follow Along Full Body Workout PART 1 - ProPulse® Speed Trainers,https://www.youtube.com/watch?v=Os0wEFQDs2I,,,
V281,,P03,Metronomic Pyramid Follow Along Workout - ProPulse® Speed Trainers,https://www.youtube.com/watch?v=QgzEcpqBTHA,,,
V280,,P03,Follow Along Full Body Workout PART 2 - ProPulse® Speed Trainers,https://www.youtube.com/watch?v=Cl-WNHOT92Q,,,
V279,,P03,Full Body Cardio Follow Along Workout - ProPulse® Speed Trainers,https://www.youtube.com/watch?v=QnwQe4SIKAg,,,
V278,,P06,Priming for Athletic Performance - Limit Force Elastic® Bands,https://www.youtube.com/watch?v=aAW3hGalsaw,,,
V277,,P06,Priming for Bench Press - Limit Force Elastic® Bands,https://www.youtube.com/watch?v=ysJHkB8iO14,,,
V276,,P06,Priming for Lower Body - Limit Force Elastic® Bands,https://www.youtube.com/watch?v=TiR1a6mhi2Q,,,
V275,,P06,The Method Behind Priming - Limit Force Elastic® Bands,https://www.youtube.com/watch?v=KZEXGCIQAqk,,,
V274,,P01,Tennis Follow Along Workout - RMT® Club,https://www.youtube.com/watch?v=97zr53kxudo,,,
V273,,P01,Baseball Follow Along Workout - RMT® Club,https://www.youtube.com/watch?v=d8MmlA-I5gg,,,
V272,,P01,Tennis Thoracic Rotation - RMT® Club,https://www.youtube.com/watch?v=WyctjBB-WuA,,,
V271,,P01,Tennis Overhead Chop Deceleration - RMT® Club,https://www.youtube.com/watch?v=GeOOCmfRE8g,,,
V270,,P01,Tennis Overhand Figure 8's - RMT® Club,https://www.youtube.com/watch?v=l2Gk_dWGR-M,,,
V269,,P01,Tennis Lunge with Rotation - RMT® Club,https://www.youtube.com/watch?v=T_t-vvOKrm4,,,
V268,,P01,RMT® Club - Lateral Jump with Rotation - Tennis,https://www.youtube.com/watch?v=i9uxRY7EakQ,,,
V267,,P01,Tennis 3 Point Bailer - RMT® Club,https://www.youtube.com/watch?v=ZlEFeFjoJDg,,,
V266,,P01,Tennis Helicopter Halo Deceleration - RMT® Club,https://www.youtube.com/watch?v=chHh5oFZWtU,,,
V265,,P01,Tennis Forehand Swing - RMT® Club,https://www.youtube.com/watch?v=X_x0uS5T8_w,,,
V264,,P01,Tennis Back Hand Swing - RMT® Club,https://www.youtube.com/watch?v=nyvPjP9Pv_Q,,,
V263,,P01,Golf Back Swing Rotation - RMT® Club,https://www.youtube.com/watch?v=D3Azz0INlN8,,,
V262,,P01,Golf Circle Stop - RMT® Club,https://www.youtube.com/watch?v=6lSw1veG9m0,,,
V261,,P01,Golf Coiled Bailer - RMT® Club,https://www.youtube.com/watch?v=Uuc4-bXSAfw,,,
V260,,P01,Golf Overhand Figure 8s - RMT® Club,https://www.youtube.com/watch?v=K8augH0oHrY,,,
V259,,P01,Golf Shoulder to Shoulder Rotation - RMT® Club,https://www.youtube.com/watch?v=HnfePtQVHCA,,,
V258,,P01,Golf Step Lunge with Rotation - RMT® Club,https://www.youtube.com/watch?v=xzccCR2N9BE,,,
V257,,P01,Golf Step Through Rotation - RMT® Club,https://www.youtube.com/watch?v=tGtVg_U5h00,,,
V256,,P01,Golf Figure 8s - RMT® Club,https://www.youtube.com/watch?v=HJJwYXaPP7U,,,
V255,,P01,Golf One Arm Swing - RMT® Club,https://www.youtube.com/watch?v=BuMdJAixZ_I,,,
V254,,P06,Strength Training - Limit Force Elastic® Bands,https://www.youtube.com/watch?v=4Ea3bsJpt2I,,,
V253,,P06,Strengthen Your Lats - Limit Force Elastic® Bands,https://www.youtube.com/watch?v=H8cMvAyRIFU,,,
V252,,P06,Strengthen Your Triceps - Limit Force Elastic® Bands,https://www.youtube.com/watch?v=I-dCVipc0rs,,,
V251,,P01,Golf Follow Along Workout - RMT® Club,https://www.youtube.com/watch?v=rLCGj_RlXLI,,,
V250,,P04,Overview of the RMT® Rope,https://www.youtube.com/watch?v=4ik1JXWtWFM,,,
V249,,P04,Optimal Rope Length for Your RMT® Rope,https://www.youtube.com/watch?v=fT2cEQsfUjE,,,
V248,,P04,How to Hold the RMT® Rope,https://www.youtube.com/watch?v=Rt12xzpO6Ow,,,
V247,,P04,The Underhand Race and Chase™ Rope Flow - RMT® Rope,https://www.youtube.com/watch?v=S8-cV-yoZpE,,,
V246,,P04,The Overhand Race and Chase™ Rope Flow - RMT® Rope,https://www.youtube.com/watch?v=oto6aF1bD3I,,,
V245,E007,P04,The Dragon Roll™ Rope Flow - RMT® Rope,https://www.youtube.com/watch?v=0AjV3hrbAbQ,,,
V244,,P01,Incorporating the RMT® Club for more Power through Rotation,https://www.youtube.com/watch?v=VqZk8GzAKBU,,,
V243,,P04,The Sneak™ Rope Flow - RMT® Rope,https://www.youtube.com/watch?v=7uuhkBkNGyk,,,
V242,,P04,Upper Body Warm Up Incorporating the RMT® Rope,https://www.youtube.com/watch?v=LJMBTGE2K48,,,
V241,,P03,Cross - Fight Training with the ProPulse® Speed Trainers,https://www.youtube.com/watch?v=Sf9snMyuIjM,,,
V240,,P03,Jab - Fight Training with the ProPulse® Speed Trainers,https://www.youtube.com/watch?v=X6fjyV9T4l4,,,
V239,,P03,Hook - Fight Training with the ProPulse® Speed Trainers,https://www.youtube.com/watch?v=cxlM-Ot0Wvg,,,
V238,,P03,Kicking - Fight Training with the ProPulse® Speed Trainers,https://www.youtube.com/watch?v=KqthBQpIZKE,,,
V237,,P03,Uppercut - Fight Training with the ProPulse® Speed Trainers,https://www.youtube.com/watch?v=x46KRrgR2p0,,,
V236,,P03,FreeBounce - Fight Training with the ProPulse® Speed Trainers,https://www.youtube.com/watch?v=5Ga-SaEEDqo,,,
V235,,P03,ProPulse® Speed Trainers: Agility Training,https://www.youtube.com/watch?v=2Ej_MmaNm0Q,,,
V234,,P03,Full Range Pulsing - Training with ProPulse® Speed Trainers - WeckMethod,https://www.youtube.com/watch?v=wGpIb74LSk0,,,
V233,,P03,Hinge Pulse - Training with ProPulse® Speed Trainers - WeckMethod,https://www.youtube.com/watch?v=WcalP2d58EE,,,
V232,,P03,Free Hops - Training with ProPulse® Speed Trainers - WeckMethod,https://www.youtube.com/watch?v=M_Hi9d_OP9M,,,
V231,,P03,ProPulse® Speed Trainers: Training with Micro Pulsing,https://www.youtube.com/watch?v=DQeo4JmydvI,,,
V230,,P03,"ProPulse® Speed Trainers for Agility Training: 1, 2, Cut",https://www.youtube.com/watch?v=j426ZIlZkyE,,,
V229,,P03,ProPulse® Speed Trainers: Incorporate into a Workout Set,https://www.youtube.com/watch?v=zTlDV1HqfNs,,,
V228,,P12,WeckMethod PBR Training Kit - 20 min Full Body Workout,https://www.youtube.com/watch?v=Nz9cF0HTOnc,,,
V227,,,Coiling Core Training® - An introduction at the WeckMethod lab,https://www.youtube.com/watch?v=HdB_pFpuDAE,,,
V226,,P02,"Incorporating The BOSU® Elite Into Your Training - Priming, Deadlifts, and Skater Jumps",https://www.youtube.com/watch?v=6wpvZtVCvHA,,,
V225,,P03,WeckMethod ProPulse® Speed Trainers: Reprogram to Perform,https://www.youtube.com/watch?v=Xg4HOEs3fg8,,,
V224,,P02,Lower Body Priming - Injury Prevention How To with The BOSU® Elite - WeckMethod,https://www.youtube.com/watch?v=4WjIGTdki2M,,,
V223,,"P03, P04, P06","Discover The P.B.R. Training Kit - ProPulse® Speed Trainers, Resistance Bands, RMT Rope",https://www.youtube.com/watch?v=rYwYoXYIyXc,,,
V222,,P02,Upper Body Priming How To with The BOSU® Elite - WeckMethod,https://www.youtube.com/watch?v=Kh7fNybyS2E,,,
V221,,P02,BOSU® Elite Core Training - Ski Jumper - WeckMethod How To,https://www.youtube.com/watch?v=HWI66dMSIBU,,,
V220,,P02,BOSU® Elite Core RMT Crunch Training - WeckMethod How To,https://www.youtube.com/watch?v=BwgkDH7i8t4,,,
V219,,P02,BOSU® Elite Glute Bridge Training - WeckMethod How To,https://www.youtube.com/watch?v=4oRdlMsp0no,,,
V218,,P04,150lbs Kettlebell Swings with The WeckMethod RMT Rope,https://www.youtube.com/watch?v=kHd43x4hzFQ,,,
V217,,P02,BOSU® Elite Core FlatJacks Training - WeckMethod How To,https://www.youtube.com/watch?v=at8tDl4TtHg,,,
V216,,P04,Must See RMT® Rope Flow Action at The WeckMethod Lab,https://www.youtube.com/watch?v=dBgb537Zrfs,,,
V215,,P03,ProPulse® Speed Trainers - Running Overview - WeckMethod,https://www.youtube.com/watch?v=um-r8oov8Zo,,,
V214,,P04,RMT® Rope Home Workouts Follow Along - Full Body Rope Workout - WeckMethod,https://www.youtube.com/watch?v=P_Uihe4xEoc,,,
V213,,P03,Shadow Boxing with WeckMethod ProPulse Speed Trainers for Fighters,https://www.youtube.com/watch?v=5nxXXv-Dp3c,,,
V212,,P06,Resistance Band Lunges - BodyWeight Lunges Using Limit Force Elastics® Resistance Band Workout,https://www.youtube.com/watch?v=vVoquKJai6o,,,
V211,,P06,Seated Rows Using Resistance Bands - Limit Force Elastics®,https://www.youtube.com/watch?v=i1IZ3kOub_Q,,,
V210,,P06,Resistance Band Push-Ups using - WeckMethod Upper Body Workout,https://www.youtube.com/watch?v=8evNP1Y4gak,,,
V209,,P06,Zercher Squats w/ Limit Force Elastics® Resistance Bands,https://www.youtube.com/watch?v=vYz31f0s0ic,,,
V208,,P06,Intro to BodyWeight & Elastic Resistance Bands Training Using Limit Force Elastics® with WeckMethod,https://www.youtube.com/watch?v=IBhRq_uxytI,,,
V207,,P06,Kettlebell Swings Using Resistance Bands - WeckMethod Limit Force Elastics® Kettlebell Workout,https://www.youtube.com/watch?v=C_FoxbHMniU,,,
V206,,P06,Explosive Deadlifts Using Limit Force Elastic® Resistance Bands - WeckMethod Strength & Conditioning,https://www.youtube.com/watch?v=x4lonYbl-Bc,,,
V205,,P06,Chest Strength Training with Limit Force Elastic® Resistance Bands - WeckMethod,https://www.youtube.com/watch?v=ONnjfB70d7g,,,
V204,,P06,Intro To Strength and Conditioning Using Limit Force Elastic® Resistance Bands with WeckMethod,https://www.youtube.com/watch?v=GUjnyh6GZN4,,,
V203,,P06,Increase Bench Press with Limit Force Elastic® Bands - WeckMethod Strength & Conditioning Training,https://www.youtube.com/watch?v=vDZ1knWpgQQ,,,
V202,,P06,Limit Force Elastic® Training - Explained - WeckMethod Resistance Band Training,https://www.youtube.com/watch?v=AokrYcz76Vs,,,
V201,,,30 min Full Body Home Workout with the WeckMethod Home Training Pack,https://www.youtube.com/watch?v=YJvuKUJHf5E,,,
V200,,P02,BOSU Elite Ballistics - Plyo Push Ups - WeckMethod BOSU Ball Workouts - Plyometrics Best Pushups,https://www.youtube.com/watch?v=MgA7YOcLUSw,,,
V199,,P12,No Gym? No Problem - The WeckMethod P.B.R Training Kit,https://www.youtube.com/watch?v=v4IP7uoIyzw,,,
V198,,P02,BOSU Elite Ballistics - Jump & Catch - WeckMethod BOSU Ball Workouts - Vertical Jump Training,https://www.youtube.com/watch?v=6GyX5Fa8c_Y,,,
V197,,P02,BOSU Elite Ballistics - Knee Drivers - WeckMethod BOSU Ball Workouts - Sprint Mechanics for Runners,https://www.youtube.com/watch?v=5Gq14whZl0E,,,
V196,,P02,BOSU Elite vs BOSU Pro - WeckMethod,https://www.youtube.com/watch?v=k2GNIXnrhAw,,,
V195,,P02,BOSU Elite: Functional Training for Your Core - Flat Jacks,https://www.youtube.com/watch?v=48bwkV_Rhv4,,,
V194,,P01,RMT Club Functional Training: Overhead Swing with Rotation,https://www.youtube.com/watch?v=ee-J07us334,,,
V193,,P01,RMT Club for Golf Training: Cross-Hand Shoulder Stretch,https://www.youtube.com/watch?v=VZhU31tpMrY,,,
V192,,P02,Strength Training with the BOSU Elite by WeckMethod - Squat Priming with the BOSU Elite BOSU Ball,https://www.youtube.com/watch?v=XbLh0vSPIZo,,,
V191,,P02,Prime & Perform with the BOSU Elite by WeckMethod,https://www.youtube.com/watch?v=cgRyZ_blNVk,,,
V190,,,WMC 117 is HERE WeckMethod Challenge series,https://www.youtube.com/watch?v=3YWTZD0SETE,,,
V189,,,WMC 117 Promo - WeckMethod Challenge Series,https://www.youtube.com/watch?v=OgQ8h-2KjMU,,,
V188,,P02,BOSU Elite - Amplify Your Training Like Never Before with the - WeckMethod,https://www.youtube.com/watch?v=MEHhprSkkq8,,,
V187,,P01,RMT Club - The Perfect Baseball Training - WeckMethod,https://www.youtube.com/watch?v=teOMODNfnBg,,,
V186,,P01,"The RMT Club: Improve Core Strength, Mobility, Rotational Power and More - WeckMethod",https://www.youtube.com/watch?v=gOlw1WHRIZY,,,
V185,,P01,RMT Club Baseball Training - The Bailer Exercise,https://www.youtube.com/watch?v=upmcWNCGZRs,,,
V184,,P01,RMT Club for Baseball - Hatchet Toss Exercise,https://www.youtube.com/watch?v=fe9WBVYFJFk,,,
V183,,P01,Swing Better with RMT Club - Check Swing - Exercise for Baseball,https://www.youtube.com/watch?v=eyvVQVfI5kY,,,
V182,,P01,RMT Club Baseball Training - Ground Strike with Swing Through,https://www.youtube.com/watch?v=q4pVOAQNhzw,,,
V181,,P01,Discover the RMT Club - The perfect golf swing training aid & functional training tool - WeckMethod,https://www.youtube.com/watch?v=m4EuXrjlB34,,,
V180,,P01,Golf Swing Training with The RMT® Club - The perfect golf training aid and fitness tool,https://www.youtube.com/watch?v=x1Pak-ZrkIc,,,
V179,,P01,STRIKE - RMT CLUB TRAINING & EXERCISES,https://www.youtube.com/watch?v=I8mj3eQ6nPw,,,
V178,,P01,RMT Club High Intensity Interval Training,https://www.youtube.com/watch?v=57gNkVQ4dfU,,,
V177,,P01,The RMT® Club Used by the MLB's Top Players,https://www.youtube.com/watch?v=oQgLCxFzZmg,,,
V176,,P02,Discover The New BOSU Elite | WeckMethod,https://www.youtube.com/watch?v=Fb3Ts7UY_74,,,
V175,,,Landmine Exercise | WeckMethod Coiling Core,https://www.youtube.com/watch?v=_ZDtONp9Kdo,,,
V174,,,KSS Event at WeckMethod | July 14-15th,https://www.youtube.com/watch?v=1GgBfzvHMnk,,,
V173,,P03,ProPulse® Speed Trainers: Drills for Running | Top End Speed Drill,https://www.youtube.com/watch?v=YX2Y1J2_ptc,,,
V172,,P03,Drills for Running | Running with the WeckMethod Pulsers,https://www.youtube.com/watch?v=xgGGNgBb3J0,,,
V171,,P03,Correct Running Form | Holding Your Power Pulsers | WM Pulsers,https://www.youtube.com/watch?v=2w3YCbJU6oU,,,
V170,,P03,Correct Running Form | Holding Your Pocket Pulsers | WeckMethod Pulsers,https://www.youtube.com/watch?v=PdM6CZoOprk,,,
V169,,P03,Correct Running Form | Holding Your Stealth Pulsers | WeckMethod Pulsers,https://www.youtube.com/watch?v=4h4y7hhB0uw,,,
V168,,P03,Improve Running Form | Double Down Pulse | WeckMethod Pulsers,https://www.youtube.com/watch?v=V4FsAyukzoQ,,,
V167,,P03,Improve Running Form | Learn Head Over Foot Technique | WeckMethod Pulsers,https://www.youtube.com/watch?v=GTxPAYSPmbc,,,
V166,,P02,Improve Running Form | BOSU Elite Exercises,https://www.youtube.com/watch?v=nGMQRSynzh8,,,
V165,,P03,Proper Running Technique | WeckMethod Double Down w/ Pulsers,https://www.youtube.com/watch?v=1nXXJ4xP8Cg,,,
V164,,,Dumbbell Exercise using WeckMethod Coiling Core,https://www.youtube.com/watch?v=KD-D9RIRS2o,,,
V163,,P01,RMT Club Exercise: Training for the Track,https://www.youtube.com/watch?v=H_4Mdd07660,,,
V162,,P01,Functional Training: Which RMT Club is Right For You? - WeckMethod,https://www.youtube.com/watch?v=NRO4_OEt_XM,,,
V161,,,WeckMethod Coiling Core Barbell Exercise,https://www.youtube.com/watch?v=bmetDomSyC4,,,
V160,,,Compression Strength Training to Improve Your Squat,https://www.youtube.com/watch?v=bIUdsZ_BUVQ,,,
V159,,,Rotational Movement Coiling Core Training: Medicine Ball Workouts,https://www.youtube.com/watch?v=aDiIm8_9M_A,,,
V158,,P01,Head Over Foot Technique: RMT Club Coiling Core Pulse,https://www.youtube.com/watch?v=eyIH-jog1Gc,,,
V157,,,Wing Pulse to Improve Running Technique: WeckMethod Elastic Band Training,https://www.youtube.com/watch?v=GeUgqOFmm8E,,,
V156,,P01,RMT Club Exercise Using Double Down Pulse Technique,https://www.youtube.com/watch?v=3eN-GMykA4U,,,
V155,,P03,WeckMethod Training: Double Down Pulse,https://www.youtube.com/watch?v=NTlro8139Es,,,
V154,,,Rotational Movement Training®: WeckMethod Coiling Core Dumbbell Row,https://www.youtube.com/watch?v=o9df_PtP8CA,,,
V153,,P01,RMT Club Exercise for Tennis feat. Alexa Glatch: Coiling Core Head Over Foot Check Swing,https://www.youtube.com/watch?v=wuHbcyUa8OA,,,
V152,,P01,RMT Club Exercise for Tennis feat. Alexa Glatch: Coiling Core Head Over Foot Stretch,https://www.youtube.com/watch?v=H2-6oELfpDw,,,
V151,,P01,RMT Club Exercise for Tennis feat. Alexa Glatch: Coiling Core Head Over Foot Rotational Lunge,https://www.youtube.com/watch?v=5hQTl1CNoG8,,,
V150,,P01,RMT Club Exercise for Tennis feat. Alexa Glatch: Coiling Core Head Over Foot Swings,https://www.youtube.com/watch?v=SBYVJij6W2s,,,
V149,,P01,RMT Club Exercise: Coiling Core Arm Circles,https://www.youtube.com/watch?v=KrVvC7zgrDI,,,
V148,,P01,RMT Club Exercise: Coiling Core Swings,https://www.youtube.com/watch?v=S8GDGwAL2oA,,,
V147,,,WeckMethod Coiling Core Body Weight Exercise to Enhance Rotational Power,https://www.youtube.com/watch?v=WEeOSaLPstc,,,
V146,,P01,RMT Club Exercise to Improve Rotational Movement: Coiling Core Pulse Lunge,https://www.youtube.com/watch?v=2KlTDr5EVdw,,,
V145,,P01,WeckMethod RMT Club Exercise: Head Over Foot Side Bending Swings,https://www.youtube.com/watch?v=1JiUKkDAPWM,,,
V144,,P02,BOSU Elite Exercise: Compression Goblet Squat,https://www.youtube.com/watch?v=0iiKFsaDWW4,,,
V143,,P01,RMT Club Exercise: Head Over Foot Sidewinder,https://www.youtube.com/watch?v=Ww1vhinb6uA,,,
V142,,P02,BOSU Elite Exercise to Strengthen Your Core: Superman,https://www.youtube.com/watch?v=b_7ysPzIeo8,,,
V141,,P02,BOSU Elite Exercise: Compression Kettlebell Swings,https://www.youtube.com/watch?v=gN2g7DPNp7s,,,
V140,,P02,BOSU Elite Exericse: Compression Squats,https://www.youtube.com/watch?v=nn7Tq6cLWaA,,,
V139,,P02,BOSU Elite Exercise to Increase Rotational Movement Power: Horizontal Heisman,https://www.youtube.com/watch?v=dRRLx2aeAxE,,,
V138,,P01,RMT Club Exercise to improve Side Bending Rotation: Diagonal Circle Swings,https://www.youtube.com/watch?v=9bAKXFCAI7I,,,
V137,,P01,RMT Club Functional Training Exercise: One Handed T&T,https://www.youtube.com/watch?v=0elcN8Dlv30,,,
V136,,P01,RMT Club Exercise to Build Coordination: Drill Drivers,https://www.youtube.com/watch?v=YqBNPfRrGWQ,,,
V135,,P01,RMT Club Head Over Foot Technique: Searchlight Variation,https://www.youtube.com/watch?v=YTLVefx1O1Q,,,
V134,,P01,Improve your Tennis Skills using RMT Club,https://www.youtube.com/watch?v=6RPgeI9Xlls,,,
V133,,,Enhance The Power and Accuracy of Your Forehand Stroke,https://www.youtube.com/watch?v=GD-sv9jaFDA,,,
V132,,,Proper Running Techniques: Head Over Foot,https://www.youtube.com/watch?v=aoZGRygcCc4,,,
V131,,,Balance Training Technique to Improve Speed: Wind and Whip,https://www.youtube.com/watch?v=R0UUh9_Hxq8,,,
V130,,P01,RMT Club Functional Training Exercise to Increase Mobility: Shoulder to Shoulder Swings,https://www.youtube.com/watch?v=o5f44b62AsA,,,
V129,,P01,RMT Club Exercise to Increase Core Strength: Clock Swings,https://www.youtube.com/watch?v=rUPAz4xc4Vo,,,
V128,,P01,"The RMT Club Improves Strength, Core, Rotation, Balance. Move Like You Were Meant To.",https://www.youtube.com/watch?v=HbH_FikIwl4,,,
V127,,P04,RMT® Rope Speed Training: Behind the Back Underhand Roll - WeckMethod,https://www.youtube.com/watch?v=Tf87sTutAts,,,
V126,,P01,RMT Club Exercise to Improve Core Strength: Russian Twist,https://www.youtube.com/watch?v=kRCYVhPE0bI,,,
V125,,P04,RMT® Rope Functional Training Exercise: The Sneak,https://www.youtube.com/watch?v=cmU2tleFfD4,,,
V124,,P01,RMT Club Functional Training Workout: Chest Exercises,https://www.youtube.com/watch?v=VBvOZq75EU0,,,
V123,,,WeckMethod Balance Training to Improve Lunge Mechanics,https://www.youtube.com/watch?v=YvYQSjyDxgY,,,
V122,,P01,RMT Club Functional Training Exercise to Improve Coordination: The Windmill,https://www.youtube.com/watch?v=vkiEp2paXMs,,,
V121,,,WeckMethod 45 Functional Strength Variation to Improve Squat Mechanics,https://www.youtube.com/watch?v=uihJpjOLUu0,,,
V120,E007,P04,RMT® Rope Exercise: Dragon Roll - WeckMethod Functional Training - Jump Rope Transformation,https://www.youtube.com/watch?v=J25_41nPFLo,,,
V119,,,WeckMethod Balance Training: Zen10,https://www.youtube.com/watch?v=vk44vJbw2Kc,,,
V118,,,WeckMethod Push Up Variation,https://www.youtube.com/watch?v=oK4rAQaR1Yg,,,
V117,,P01,RMT Club Exercise: Strengthening Your Forearm and Grip,https://www.youtube.com/watch?v=jnOgdovSj4Q,,,
V116,,,Functional Strength Training: WeckMethod 45 Bodyweight Exercise,https://www.youtube.com/watch?v=eaEA_TXRcE8,,,
V115,,P04,RMT® Rope Training: Underhand Race and Chase,https://www.youtube.com/watch?v=p_bTwfoYU24,,,
V114,,P04,RMT® Rope Balance Training Exercise: Matador's Wheel,https://www.youtube.com/watch?v=exZEM0ZXQ7w,,,
V113,,,WeckMethod 45 Functional Strength Training: Trapbar Deadlift,https://www.youtube.com/watch?v=EI-TbQwE0mk,,,
V112,,P01,The Hip Hinge using the RMT Club,https://www.youtube.com/watch?v=_XfzBs8bKEo,,,
V111,,P02,"BOSU POWERSTAX Riser Exercise: Shoulders, Arms & Core",https://www.youtube.com/watch?v=Y5tNhj79yQM,,,
V110,,P01,RMT Club Traveling Sequence featuring 4 Exercises,https://www.youtube.com/watch?v=bBnt41X1y0M,,,
V109,,P01,RMT Club Functional Training for Golf: Core Shifts,https://www.youtube.com/watch?v=qpvCeXKOvfY,,,
V108,,P01,RMT Club Functional Training for Golf: Cross Hand Shoulder Stretch - WeckMethod,https://www.youtube.com/watch?v=46L2gSAyYqE,,,
V107,,P01,RMT Club Functional Training for Golf: Warmup Exercises,https://www.youtube.com/watch?v=8p2HMyPbZ-8,,,
V106,,P01,RMT Club Functional Training for Golf: Half Kneeling with Dynamic Rotation,https://www.youtube.com/watch?v=NH0OgVCaE0g,,,
V105,,P01,RMT Club Functional Training for Golf: Step Lunge with Rotation,https://www.youtube.com/watch?v=Z9ui2R6O_oc,,,
V104,,P01,RMT Club Functional Training for Golf: Step Through with Rotation - WeckMethod,https://www.youtube.com/watch?v=-UsPm9gFHcE,,,
V103,,P01,RMT Club Functional Training for Golf: T's and Y's,https://www.youtube.com/watch?v=J9QQU4JwMcE,,,
V102,,P01,RMT Club Functional Training for Golf: Upper/Lower Body Counter Rotation,https://www.youtube.com/watch?v=BOOl5jygMqA,,,
V101,,P01,RMT Club Functional Training for Golf: Overhead Lat Stretch,https://www.youtube.com/watch?v=HGe2jbRC3uk,,,
V100,,P01,RMT Club Limited Space Workout,https://www.youtube.com/watch?v=FWDaVwkoSlA,,,
V99,,P01,RMT Club Functional Training Exercise: Double Club Samurai Squat,https://www.youtube.com/watch?v=UK4IDKtj0Qw,,,
V98,,,Balance Training Technique: Toss and Catch,https://www.youtube.com/watch?v=or-nq9gZ-PU,,,
V97,,P01,RMT Club Workout: A 3 Exercise Traveling Sequence,https://www.youtube.com/watch?v=__i4W0W6Kdc,,,
V96,,P01,RMT Club Exercise to Improve Athletic Performance: Fielder's Choice,https://www.youtube.com/watch?v=LepXZygjduo,,,
V95,,P02,BOSU Elite Functional Strength Training Exercise: Compression Push Up,https://www.youtube.com/watch?v=x6DOCVDepGs,,,
V94,,P01,RMT Club Functional Strength Training: Core Exercise,https://www.youtube.com/watch?v=XtdQAFuh6VQ,,,
V93,,P01,RMT Club Myofascial Release and Warm Up,https://www.youtube.com/watch?v=mclkWkyMZ6I,,,
V92,,P04,RMT® Rope Training Exercise: The Race and Chase,https://www.youtube.com/watch?v=Y-qX-7HMgfw,,,
V91,,P01,RMT Club Interval Training: Swing. Strike. Rotate.,https://www.youtube.com/watch?v=5J3iBq-vJIY,,,
V90,,,LifeSaver Rope Rotatonal Movement Training: Rotating Lunges,https://www.youtube.com/watch?v=a6o5gpgkbhc,,,
V89,,P01,Non-Dominant Side Training®: The RMT Club Single Handed Throw,https://www.youtube.com/watch?v=I4AiL5i9EpA,,,
V88,,,LifeSaver Rope Exercise for Rotational Power: Wall Strikes,https://www.youtube.com/watch?v=uYYZKSS7QUM,,,
V87,,,LifeSaver Rope High Intensity Exercise: Front Circles,https://www.youtube.com/watch?v=CpV6iNtz0wY,,,
V86,,P01,RMT Club Shoulder Mobility Exercise: Traveling Figure 8s,https://www.youtube.com/watch?v=DA9l6ZyZspg,,,
V85,,,LifeSaver Rope Training to Build Strength & Rotational Power,https://www.youtube.com/watch?v=donqVriwWqg,,,
V84,,P01,RMT Club Mobility Exercise: Rattle & Roll,https://www.youtube.com/watch?v=SU2bEBsQX0A,,,
V83,,,LifeSaver Rope Exercises to Build Coordination: Handle Swings,https://www.youtube.com/watch?v=_rN6yff-a98,,,
V82,,P01,Mobility Training with the RMT Club: Overhead Stretch,https://www.youtube.com/watch?v=-_MnmdAHyzw,,,
V81,,,LifeSaver Rope Workout to Build Strength: Squat Pullovers,https://www.youtube.com/watch?v=kgwk_FET49M,,,
V80,,P01,RMT Club Mobility Training Exercise for Better Coordination,https://www.youtube.com/watch?v=JZm_MpGtK8I,,,
V79,,,Stability & Mobility Training Exercise for Shoulder Strength,https://www.youtube.com/watch?v=3tV8PbbdLj8,,,
V78,,P02,BOSU Ball Side Lunges for a Lower Body Workout,https://www.youtube.com/watch?v=Ivv2RgZEAE0,,,
V77,,P01,Shoulder Mobility Training: Shoulder Rolls with the RMT Club,https://www.youtube.com/watch?v=ovqm3BQ7DNw,,,
V76,,,Straight-Leg Romanian Deadlifts to Build Functional Strength,https://www.youtube.com/watch?v=y1ADl7jfre4,,,
V75,,P06,Elastic Band Squat Exercises using Mini Bands,https://www.youtube.com/watch?v=QlZ8dEfc0sY,,,
V74,,,Functional Training: Build Strength with Elastic Band Push-ups,https://www.youtube.com/watch?v=ZaLDao7lzAw,,,
V73,,P01,RMT Club Exercise to Build Coordination: Forward Club Lunge,https://www.youtube.com/watch?v=R_7WGJAYXRQ,,,
V72,,,Surf Exercises for Balance & Coordination: Integrative Lunges,https://www.youtube.com/watch?v=800bTN82Tys,,,
V71,,P01,Breakdance Training with the RMT Club,https://www.youtube.com/watch?v=9xNkS7TDWdc,,,
V70,,P01,Rotational Movement Training®: Spiraling Swings with RMT Club,https://www.youtube.com/watch?v=6IJwdnB4Qyg,,,
V69,,P01,The RMT Club - Time to Go to Work,https://www.youtube.com/watch?v=v6y7vu2BZjA,,,
V68,,P01,Baseball Exercises with RMT Club for Hip Power & Drive,https://www.youtube.com/watch?v=qEpA6Dz2KTI,,,
V67,,P01,Functional Training with the RMT Club: Double Club Strikes,https://www.youtube.com/watch?v=UJ-R7vlNLc8,,,
V66,,P01,RMT Club Baseball Exercise - Chop Swings,https://www.youtube.com/watch?v=7WmYE4Sq7HI,,,
V65,,,"3 Football Exercises using the Lifesaver Rope for Strength, Power, and Speed",https://www.youtube.com/watch?v=oBX3u43XFEI,,,
V64,,P01,RMT Club Conditioning Exercise for Building Technique,https://www.youtube.com/watch?v=1Q9ia8-DfgQ,,,
V63,,P01,Baseball Exercise with a RMT Club to Improve Throwing Power,https://www.youtube.com/watch?v=GP-vzjLXd8Y,,,
V62,,,Balance Training with PowerStax Risers: Your Power Position,https://www.youtube.com/watch?v=kNt_wCWJLIM,,,
V61,,P01,RMT Clubs for Non-Dominant Side Training®,https://www.youtube.com/watch?v=5wtMPsJOVp8,,,
V60,,,POWERSTAX Risers: Side to Side Lunges to Build Rotational Strength,https://www.youtube.com/watch?v=1fAxAgaXaNs,,,
V59,,P02,BOSU Elite Core Training: The Dead Bug,https://www.youtube.com/watch?v=s5kTYHpAMYw,,,
V58,,,Surf Training: Core & Rotational Exercise for Better Surfing,https://www.youtube.com/watch?v=-Dbesj-Mnaw,,,
V57,,,Improve Grip Strength | RMT Yoke Rope Workout,https://www.youtube.com/watch?v=ItOPAcqUHDw,,,
V56,,,Full Body Rotational Lunge with the RMT Yoke Rope,https://www.youtube.com/watch?v=Set5pKEYAYM,,,
V55,,P01,Surf Exercises to Help Improve Backside Turns | WeckMethod RMT Club,https://www.youtube.com/watch?v=cPv9tF4Zybw,,,
V54,,P01,Surf Training with the RMT Club | Frontside & Backside Turns,https://www.youtube.com/watch?v=7hvNc_3NIV8,,,
V53,,P01,WeckMethod RMT® Club,https://www.youtube.com/watch?v=8fFqPlrvX1Q,,,
V52,,"P01, P02",BOSU Elite Money Maker Squats Using the RMT Club,https://www.youtube.com/watch?v=bkL0DxhA-Rc&t=6s,,,
V51,,P21,Squat Technique to Improve Mobility Using the WeckMethod C-Fist,https://www.youtube.com/watch?v=BIisI6ZtYaI,,,
V50,,,Mobility Training with the RMT Yoke Rope: TNTs,https://www.youtube.com/watch?v=BgeY2xtKZk4,,,
V49,,P01,RMT Club Lateral Lunge & Hiit Exercise: Hockey Swings,https://www.youtube.com/watch?v=m_pzWMfGr_E,,,
V48,,P04,Rope Workout for Power & Rotation with RMT Yoke Rope,https://www.youtube.com/watch?v=kabLdqxd_cg,,,
V47,,P01,Surf Exercise | Surf Training | Air Reverse Practice with the RMT Club,https://www.youtube.com/watch?v=VwgbSHPYUrs,,,
V46,,P02,BOSU Elite Core Stability Exercises: Bow Bends,https://www.youtube.com/watch?v=eYWwzjCanLw,,,
V45,,P01,RMT Club Side to Side Exercise for Rotation & Coordination,https://www.youtube.com/watch?v=-GFUnH4zN-A,,,
V44,,P01,3 Rotational Movement Training® Exercises with the RMT Club,https://www.youtube.com/watch?v=igXmEzOD-h4,,,
V43,,P01,Golf Exercise: Weight Shift Swings with the RMT Club,https://www.youtube.com/watch?v=4dGWByvzz_Q,,,
V42,,P06,Elastic Band Exercises for Better Running & Squat Mechanics,https://www.youtube.com/watch?v=F4v6JiOyq60,,,
V41,,P02,Proper Squat Form on the BOSU Elite: The Money Maker | WeckMethod,https://www.youtube.com/watch?v=wjtjDaCAHYE,,,
V40,,,Improve Squatting Form Using the Neutral Squat Technique | WeckMethod,https://www.youtube.com/watch?v=OtuxamvVbmo,,,
V39,,P02,BOSU Elite | Core Strengthening Exercise | Flat Jacks,https://www.youtube.com/watch?v=0NZBlWQbT_4,,,
V38,,P01,Golf Exercise: Swing Extensions with the RMT Club,https://www.youtube.com/watch?v=rBrkzbYzQN0,,,
V37,,,Running Technique: Hand Position to Help You Run Better,https://www.youtube.com/watch?v=SEWCmsLjZRA,,,
V36,,P01,Golf Exercise: RMT Club Ratchet Swings for Core & Rotation,https://www.youtube.com/watch?v=ruDrpe5lLyA,,,
V35,,P02,Running Tips: Proper Running Form & Strength Training on BOSU Elite,https://www.youtube.com/watch?v=QIsRSXJSVk0,,,
V34,,P02,Foot Strengthening Exercises For Running & Agility w/ the BOSU Elite - WeckMethod BOSU Ball Workout,https://www.youtube.com/watch?v=4ZXdj_8vudY,,,
V33,,P02,BOSU® Elite Sprinter Squats | Speed Training Technique | Running Tips,https://www.youtube.com/watch?v=kEwPF0PFYQk,,,
V32,,P01,Plank Workout | Core Stability Exercises | RMT Club,https://www.youtube.com/watch?v=r0nGsMcjjVk,,,
V31,,P01,Hiit Core Exercise with the RMT Club: Circle Stops,https://www.youtube.com/watch?v=z0WH7nFtyKA,,,
V30,,,Running Tips | Elastic Band Exercises for Agility & Speed Training,https://www.youtube.com/watch?v=z_czc5nxMBg,,,
V29,,,3 Carpal Tunnel Exercises for Wrist Pain Relief,https://www.youtube.com/watch?v=4gCPRaWLvFU,,,
V28,,,Shoulder Workout | The Spiraling Tea Cup | Full Body Training,https://www.youtube.com/watch?v=0IWE9fi9tJ8,,,
V27,,P01,HIIT Training Exercise with RMT® Club: 90º Bailer,https://www.youtube.com/watch?v=YJSeVMm0RzQ,,,
V26,,P01,Hip Hinge & Balance Exercises with the RMT Club,https://www.youtube.com/watch?v=wrM7u2MPmYA,,,
V25,,P01,Rotational Movement Training® with the RMT® Club: The TNT,https://www.youtube.com/watch?v=dYIwTKllFlY,,,
V24,,P01,Strengthen and Stabilize Your Core with the RMT Club: Pike Ups,https://www.youtube.com/watch?v=ZQ42qaN-Wk8,,,
V23,,P01,Functional Core Strengthening Exercise with the RMT Club Russian Twist,https://www.youtube.com/watch?v=Xo0f-xH2rlg,,,
V22,,,Functional Strength Training: Foot Strengtening Exercises,https://www.youtube.com/watch?v=QQBgUlmB2zM,,,
V21,,P01,RMT Club High Intensity Exercise: The Swing & Switch,https://www.youtube.com/watch?v=n1MelcxpiJo,,,
V20,,P01,Lower Body Exercise: Side to Side Lunges with RMT® Club,https://www.youtube.com/watch?v=9f1AL0OJDk8,,,
V19,,P01,RMT® Club Functional Strength Training: Heavy Bag Hits,https://www.youtube.com/watch?v=Uqe_v9eFyNM,,,
V18,,,Rotational Movement Training®: What is It?,https://www.youtube.com/watch?v=ztjqsHTzHSQ,,,
V17,,P01,WeckMethod RMT® Club: The Ground Strike & Athletic Shuffle,https://www.youtube.com/watch?v=F5L6x3754LU,,,
V16,,,Sprinting: Why Everyone Should Do it,https://www.youtube.com/watch?v=taA5BE9RUUU,,,
V15,,P01,Shoulder Mobility Exercises with the RMT® Club | Figure 8s,https://www.youtube.com/watch?v=RS2guwCqlfM,,,
V14,,,Plantar Fasciitis Stretches for Foot Pain Relief,https://www.youtube.com/watch?v=wgwIKo1CscM,,,
V13,,P01,Squat Mechanics with RMT Club: The Samurai Squat,https://www.youtube.com/watch?v=LpHaeU6fCws,,,
V12,,,Running Tips | Form Training Technique: Head Over Feet,https://www.youtube.com/watch?v=-tPJm9lg54A,,,
V11,,P01,Check Swing Drill with the RMT™ Club,https://www.youtube.com/watch?v=GiNxkbPGve0,,,
V10,,,Running Tips | Form Training Technique: Striking Step,https://www.youtube.com/watch?v=1MsJPa0sEoA,,,
V09,,P01,Throwing Drill: Overhand Throw with the RMT™ Club,https://www.youtube.com/watch?v=tsCDhBSWvow,,,
V08,,,Body Alignment Tips | Athletic Posture: The Power Position,https://www.youtube.com/watch?v=kqUHAObTvjY,,,
V07,,,Myofascial Release for Immediate Wrist Pain Relief | WeckMethod,https://www.youtube.com/watch?v=NIDsd5VyS6w,,,
V06,,,Importance of Non-Dominant Side Training®,https://www.youtube.com/watch?v=fO33rg_ccBk,,,
V05,,,Running Tips | Speed Training Technique: The Palm Reader,https://www.youtube.com/watch?v=fQ7h0bzHBrY,,,
V04,,P18,WeckMethod Online Certification,https://www.youtube.com/watch?v=AdMr2UgOj6Y,,,
V03,,P21,WeckMethod CoreFIST Trainer - Instructional Video,https://www.youtube.com/watch?v=C8hDrFy6w4Y,,,
V02,,,WeckMethod™ Balanced Movement Lecture at San Diego State University,https://www.youtube.com/watch?v=emkCtVvMxXU,,,
V01,,,How To Prevent & Relieve Plantar Fasciitis - Foot Pain & Heel Pain Relieve,https://www.youtube.com/watch?v=_h6jlifZgBc,,,